id,Compartida,NumeroHabitacion,Capacidad,Menaje,UbicacioH
4001,N,688,3,Weber LLC,Europe/Stockholm
4002,Y,512,10,Leuschke-Schiller,Asia/Karachi
4003,N,293,7,Fisher and Sons,Asia/Manila
4004,N,192,3,Hauck Erdman and McKenzie,Europe/Prague
4005,Y,511,3,Cronin Ullrich and Witting,America/Bogota
4006,N,716,5,Bartell-Roberts,Asia/Jakarta
4007,N,126,1,Kozey-Marvin,Asia/Yekaterinburg
4008,N,880,5,Aufderhar D'Amore and Hagenes,Europe/Moscow
4009,N,966,1,Legros Inc,Europe/Chisinau
4010,Y,360,1,Steuber Inc,America/Sao_Paulo
4011,Y,542,8,Schultz-Stracke,America/Sao_Paulo
4012,Y,697,9,Runte Bauch and Casper,America/Tegucigalpa
4013,Y,724,10,Smitham Koch and Jast,America/Montevideo
4014,N,782,11,Stracke and Sons,Asia/Ulaanbaatar
4015,Y,285,5,Shanahan-Nicolas,America/St_Johns
4016,Y,536,11,Olson-Prohaska,Atlantic/Cape_Verde
4017,Y,403,8,Williamson and Sons,Asia/Shanghai
4018,Y,254,2,Harber LLC,Asia/Manila
4019,N,889,6,Parker Cartwright and Hegmann,America/Vancouver
4020,Y,479,8,Schaden Group,Asia/Dhaka
4021,Y,650,8,Ledner Murazik and Ryan,Asia/Seoul
4022,N,501,4,Considine Group,Europe/Moscow
4023,Y,801,3,Monahan-Hettinger,Asia/Manila
4024,N,788,9,Stanton and Sons,Asia/Jakarta
4025,Y,312,8,Cormier-Smith,Asia/Seoul
4026,N,143,5,Bosco Group,Indian/Antananarivo
4027,Y,81,9,Heller Inc,Europe/Warsaw
4028,N,141,3,Champlin Group,Europe/Paris
4029,Y,299,9,Collins Cole and Kuhic,Africa/Dakar
4030,Y,953,10,Pfeffer LLC,America/Santiago
4031,N,950,5,Grant LLC,Europe/Prague
4032,N,405,8,Blick and Sons,Europe/Zaporozhye
4033,Y,287,5,Klocko-D'Amore,Asia/Harbin
4034,N,833,1,Keeling Dach and Larkin,Europe/Paris
4035,Y,302,6,Hagenes LLC,Asia/Shanghai
4036,Y,309,8,Cole-Hirthe,America/Indiana/Indianapolis
4037,N,812,5,Ferry Group,Africa/Lagos
4038,Y,734,9,Block Funk and Lang,America/Lima
4039,N,239,8,Lesch Feeney and Feeney,Europe/Madrid
4040,Y,861,6,Quigley Haley and Gleichner,Europe/Warsaw
4041,N,135,7,Prohaska Inc,Asia/Shanghai
4042,N,697,10,Trantow Tremblay and Cruickshank,Europe/Warsaw
4043,N,592,2,Thiel Runolfsdottir and Blanda,Asia/Jakarta
4044,N,629,9,Bahringer LLC,America/Lima
4045,Y,295,5,Kautzer LLC,Asia/Manila
4046,N,173,4,Heaney LLC,Africa/Mogadishu
4047,N,699,10,Skiles Inc,Africa/Ndjamena
4048,N,583,11,Lemke-Schuppe,Africa/Windhoek
4049,N,646,12,Schaden-Keebler,Europe/Paris
4050,Y,915,3,Hagenes Stoltenberg and Gibson,Asia/Bangkok
4051,N,815,5,Lockman-Wisozk,America/Mexico_City
4052,Y,549,11,Gleason-Stracke,Asia/Tokyo
4053,Y,337,10,Wehner-Stiedemann,Asia/Jakarta
4054,Y,837,8,Leffler Inc,Europe/Moscow
4055,Y,257,7,Torphy and Sons,Africa/Conakry
4056,N,271,8,Baumbach Kuhlman and White,Asia/Makassar
4057,Y,147,2,Koepp-King,America/Sao_Paulo
4058,Y,251,10,Fay-Morar,Africa/Lagos
4059,Y,730,11,Prohaska Swaniawski and Fritsch,Europe/Dublin
4060,N,458,6,Farrell Senger and Balistreri,Europe/Paris
4061,N,764,2,Shanahan Group,Asia/Shanghai
4062,N,146,12,Bauch Inc,Asia/Shanghai
4063,N,530,10,Koepp Inc,Asia/Thimphu
4064,N,218,11,Spencer Kuhlman and Langosh,Asia/Chongqing
4065,Y,111,12,Okuneva and Sons,Asia/Hebron
4066,N,300,12,Sauer-Grady,Europe/Warsaw
4067,N,631,9,Rippin Gorczany and Ratke,Asia/Makassar
4068,Y,908,5,Buckridge Cremin and Sporer,America/Chicago
4069,Y,174,7,Beier Group,Asia/Jakarta
4070,Y,349,1,Sawayn Luettgen and Brakus,Asia/Jakarta
4071,Y,433,7,Schmitt Feil and Ferry,America/Sao_Paulo
4072,N,400,7,Oberbrunner Paucek and Fay,America/Lima
4073,Y,766,6,Schamberger LLC,America/Asuncion
4074,Y,181,2,Bergstrom-Dickinson,America/Lima
4075,N,93,9,Orn Swift and Bruen,Europe/Moscow
4076,N,17,2,Dietrich Emard and Cormier,America/Argentina/La_Rioja
4077,N,132,6,Bednar Gulgowski and Macejkovic,Asia/Makassar
4078,Y,9,4,Schultz Zboncak and Volkman,Asia/Aden
4079,N,527,4,Russel Nienow and Harber,Asia/Baku
4080,Y,840,3,VonRueden Inc,America/Mexico_City
4081,N,937,2,Pollich and Sons,Asia/Jakarta
4082,N,340,2,Conn LLC,Asia/Chongqing
4083,Y,449,12,Murazik Inc,Europe/Paris
4084,Y,496,6,Batz Inc,America/Toronto
4085,Y,133,3,Mohr-O'Kon,Asia/Jakarta
4086,N,60,2,Walsh-Krajcik,America/Guatemala
4087,N,371,5,Kuvalis Moore and Monahan,Asia/Jakarta
4088,N,753,2,Cormier-Gleichner,Asia/Jakarta
4089,Y,487,2,Mann Inc,Europe/Lisbon
4090,Y,670,11,Doyle Group,Asia/Seoul
4091,N,528,1,Gleason Hudson and DuBuque,Europe/Lisbon
4092,N,736,11,Hagenes Group,Europe/Paris
4093,Y,772,8,Wehner Group,Asia/Shanghai
4094,N,755,9,McCullough Ortiz and Hauck,Asia/Manila
4095,N,631,11,Kulas Group,America/Argentina/Cordoba
4096,Y,274,12,Tillman Weber and Wisoky,Europe/Simferopol
4097,N,430,6,Renner LLC,Europe/Lisbon
4098,N,3,6,Balistreri Group,Asia/Vladivostok
4099,N,825,10,Klocko Group,Europe/Moscow
4100,N,93,7,Dibbert-Koepp,Asia/Jakarta
4101,N,865,10,Gleason Group,Europe/Moscow
4102,Y,584,4,Heidenreich Murazik and Cronin,Asia/Shanghai
4103,N,434,3,Dare Group,Asia/Jakarta
4104,N,722,4,Shields-Jacobson,Asia/Ulaanbaatar
4105,Y,502,11,Medhurst LLC,America/Chicago
4106,Y,79,10,Smitham-Powlowski,Asia/Jakarta
4107,Y,503,6,McCullough-Barrows,Asia/Bangkok
4108,N,135,7,Koepp Fisher and Smith,Europe/Warsaw
4109,N,221,7,Pfeffer Hermann and Bechtelar,America/Caracas
4110,Y,370,8,Zieme-Mosciski,Europe/Lisbon
4111,N,128,3,Runte-Feil,Asia/Shanghai
4112,Y,937,6,Botsford-Weimann,Asia/Shanghai
4113,Y,621,7,Barrows LLC,America/Montreal
4114,Y,35,2,Goldner Bradtke and Hudson,Europe/Zaporozhye
4115,Y,879,5,Moen-Quitzon,Europe/Zagreb
4116,Y,512,1,Adams LLC,Asia/Jakarta
4117,Y,358,7,Rau Inc,Europe/Lisbon
4118,Y,399,11,Wolf Group,Asia/Tokyo
4119,N,209,3,Kovacek Inc,America/Sao_Paulo
4120,Y,139,12,Kilback Jacobson and McKenzie,America/Argentina/Buenos_Aires
4121,Y,59,3,Roob Stroman and Baumbach,Asia/Makassar
4122,Y,881,11,Leffler and Sons,Asia/Manila
4123,N,796,7,Klocko Jerde and Lubowitz,America/Montreal
4124,Y,541,2,Friesen LLC,Asia/Chongqing
4125,Y,991,6,Wolf Funk and Davis,Africa/Tunis
4126,Y,703,9,Nienow Becker and Rau,Asia/Chongqing
4127,Y,189,8,Walter-Hauck,Asia/Urumqi
4128,N,318,5,Keebler-Spencer,Europe/Moscow
4129,Y,967,8,Fritsch-Steuber,Europe/Belgrade
4130,N,733,5,Schaefer and Sons,Asia/Chongqing
4131,Y,903,6,Schmeler-Padberg,America/Bogota
4132,Y,97,7,Schaden Ortiz and Jacobi,Europe/Vienna
4133,Y,755,5,Jacobi Inc,Europe/Paris
4134,N,630,8,Homenick-Mayert,Indian/Comoro
4135,Y,41,8,Zemlak Schuppe and Wisoky,Africa/Tunis
4136,Y,489,2,Mann MacGyver and Stracke,Asia/Jakarta
4137,Y,202,8,Reichel LLC,Asia/Hebron
4138,Y,123,9,Bruen-O'Reilly,Asia/Yakutsk
4139,Y,450,2,Weimann Group,Asia/Ulaanbaatar
4140,N,835,6,Toy McDermott and Osinski,Asia/Chongqing
4141,N,164,1,Rosenbaum Group,Asia/Shanghai
4142,Y,360,6,Armstrong-Ward,Africa/Nairobi
4143,Y,936,6,Heathcote Bailey and Wyman,America/Sao_Paulo
4144,N,322,12,Halvorson-Wunsch,Asia/Makassar
4145,N,465,10,Hilll-Harvey,Asia/Jakarta
4146,Y,111,12,Baumbach-Runolfsson,Asia/Shanghai
4147,Y,913,8,Brown and Sons,Asia/Shanghai
4148,Y,552,5,Corkery Blick and Jast,Europe/Moscow
4149,Y,976,2,Bode-Greenholt,Asia/Makassar
4150,Y,716,3,Towne Farrell and Zieme,Asia/Dhaka
4151,N,771,8,Rutherford Group,Asia/Jakarta
4152,N,591,6,Ritchie-Funk,Asia/Shanghai
4153,N,852,5,Bernhard-Waelchi,Europe/Paris
4154,N,771,2,Schultz Inc,America/Tegucigalpa
4155,N,17,6,Harber McKenzie and Jaskolski,Africa/Lome
4156,Y,781,2,Cole-Kutch,Asia/Shanghai
4157,N,44,4,Kirlin Group,Europe/Moscow
4158,Y,182,4,Senger Inc,Asia/Makassar
4159,Y,503,11,Barrows and Sons,Europe/Stockholm
4160,N,645,6,Padberg LLC,Asia/Manila
4161,N,882,6,Rowe Haag and Bernhard,Asia/Chongqing
4162,Y,280,10,Smith Labadie and Blick,Europe/Moscow
4163,N,962,9,Streich-Mills,Asia/Manila
4164,Y,750,9,Hackett Inc,Europe/Lisbon
4165,Y,155,1,Conn LLC,Asia/Shanghai
4166,Y,327,2,Stanton Okuneva and Hudson,Asia/Vientiane
4167,Y,978,7,White-Fadel,Asia/Jakarta
4168,Y,7,11,Strosin LLC,Asia/Jakarta
4169,N,722,3,Marks Inc,Europe/Warsaw
4170,Y,564,2,Nikolaus Dooley and Cassin,America/Fortaleza
4171,Y,113,3,Yundt Considine and Christiansen,Europe/Moscow
4172,Y,683,5,Rippin Koepp and Lynch,Europe/Berlin
4173,Y,87,9,Lynch DuBuque and Strosin,America/Maceio
4174,Y,109,6,Tromp O'Keefe and Hane,Asia/Shanghai
4175,Y,197,9,Corkery-Anderson,Asia/Shanghai
4176,Y,412,8,Luettgen Mertz and Metz,Europe/Moscow
4177,Y,422,9,Bins-Nikolaus,Asia/Chongqing
4178,N,20,12,Ondricka-Johns,Asia/Omsk
4179,Y,734,6,Heller Inc,Asia/Shanghai
4180,N,23,6,Ankunding-Considine,America/New_York
4181,Y,950,8,Price Upton and Rempel,Africa/Harare
4182,Y,416,9,Hickle and Sons,Europe/Stockholm
4183,N,92,8,Dickinson-Collier,Asia/Jakarta
4184,N,955,1,Haley-Spinka,Europe/Lisbon
4185,N,559,12,Mosciski-Gaylord,Europe/Warsaw
4186,N,481,2,Dibbert Inc,Asia/Jakarta
4187,Y,263,11,Berge-Swift,Asia/Jakarta
4188,Y,644,3,Hilll-Emard,Europe/Warsaw
4189,N,495,3,Simonis Inc,Asia/Baku
4190,Y,914,9,Tromp-Connelly,Europe/Prague
4191,Y,888,5,O'Conner Hamill and Howell,Asia/Jakarta
4192,N,692,7,Brown Rodriguez and Mante,America/New_York
4193,Y,993,10,Luettgen McDermott and Cummerata,America/New_York
4194,Y,319,9,Pagac-Schmidt,America/Lima
4195,Y,798,3,Trantow Legros and Gusikowski,Europe/Amsterdam
4196,N,637,7,Welch-Von,Europe/Stockholm
4197,N,841,12,Considine-Wiegand,Africa/Lusaka
4198,Y,920,4,Herzog Krajcik and Cartwright,Asia/Makassar
4199,Y,763,10,Senger Group,Europe/Sarajevo
4200,Y,158,1,Sanford Collins and Johnston,Asia/Chongqing
4201,Y,608,3,Walter-Mitchell,Asia/Jakarta
4202,Y,829,1,Yundt LLC,Europe/Sarajevo
4203,Y,79,1,Powlowski-Dickens,Europe/Paris
4204,N,352,2,Considine Group,Europe/Paris
4205,Y,950,3,Johnson-D'Amore,Europe/Belgrade
4206,N,682,10,Ritchie-Dickinson,Asia/Chongqing
4207,Y,551,12,DuBuque Gorczany and Russel,Africa/Lagos
4208,Y,956,5,Swift Grant and Abbott,Asia/Manila
4209,N,117,4,Stroman Group,Asia/Chongqing
4210,Y,613,7,Ratke-Johnson,Asia/Chongqing
4211,Y,565,11,Anderson Crooks and Altenwerth,America/Mexico_City
4212,N,341,8,Bechtelar-McGlynn,Asia/Shanghai
4213,N,441,6,Emmerich-O'Conner,Asia/Chongqing
4214,N,830,4,Lockman-Swaniawski,Asia/Jakarta
4215,Y,871,8,Russel and Sons,Europe/Dublin
4216,N,396,5,Torp Gleason and Fay,America/Asuncion
4217,Y,834,5,Jast-Daugherty,America/Monterrey
4218,N,66,6,Denesik Aufderhar and McClure,Asia/Shanghai
4219,N,656,1,Spinka Dietrich and Wyman,Europe/Stockholm
4220,Y,405,7,Wuckert LLC,Europe/Sarajevo
4221,Y,280,11,Yost-Jones,Asia/Jakarta
4222,N,348,2,Stiedemann Inc,Europe/Stockholm
4223,N,410,6,Yost MacGyver and Smith,America/Porto_Velho
4224,Y,642,4,Stanton-Kohler,Asia/Tokyo
4225,N,728,7,Gibson and Sons,Asia/Jakarta
4226,N,883,8,Abshire Group,Asia/Makassar
4227,N,300,6,Labadie Stroman and Bogisich,Europe/Moscow
4228,Y,464,9,Fadel Inc,Europe/Berlin
4229,N,446,3,Torphy-Crooks,Europe/Uzhgorod
4230,Y,406,7,Crist-Hodkiewicz,Asia/Jakarta
4231,N,869,6,Welch-Yundt,Asia/Shanghai
4232,N,424,9,Effertz LLC,Asia/Jakarta
4233,N,124,9,Hammes-Wintheiser,Europe/Zagreb
4234,Y,163,10,Treutel and Sons,America/Argentina/Cordoba
4235,N,383,3,Corkery-Huel,Asia/Jerusalem
4236,Y,106,5,Walter Heathcote and Beatty,Europe/Paris
4237,N,855,5,Abshire and Sons,Asia/Harbin
4238,Y,743,9,Cartwright Langworth and Connelly,Africa/Niamey
4239,N,209,12,Haley Braun and Lehner,Africa/Casablanca
4240,N,147,5,Conroy-Hodkiewicz,Asia/Tehran
4241,Y,411,1,Mitchell Zemlak and Ward,Europe/Paris
4242,Y,201,5,Reichel LLC,America/Lima
4243,Y,799,11,Wiegand Inc,Asia/Jakarta
4244,Y,223,9,Donnelly-Jakubowski,America/Sao_Paulo
4245,Y,690,9,Mann-Cummings,Europe/Zagreb
4246,Y,31,2,Gorczany Inc,Africa/Dar_es_Salaam
4247,N,182,6,Weimann-Runte,Asia/Jakarta
4248,Y,877,7,Senger Lueilwitz and Klein,America/Detroit
4249,N,285,9,Herman Krajcik and Padberg,Europe/Stockholm
4250,N,866,2,D'Amore Schaefer and Bashirian,Europe/Lisbon
4251,Y,497,2,Borer Aufderhar and Prosacco,America/Recife
4252,N,762,7,Koepp D'Amore and Stamm,Asia/Jakarta
4253,Y,272,10,Hintz Runolfsdottir and Rippin,Asia/Jakarta
4254,N,975,9,Oberbrunner and Sons,Asia/Jakarta
4255,Y,554,2,Emard-Schowalter,Europe/Skopje
4256,Y,477,1,Krajcik Dare and Yost,Asia/Manila
4257,Y,297,5,Dickinson Wilkinson and Zemlak,America/Regina
4258,Y,61,2,West and Sons,Asia/Harbin
4259,N,192,10,Farrell Inc,Europe/Prague
4260,N,821,1,Gaylord Johnston and Marquardt,Asia/Omsk
4261,Y,146,8,Vandervort Schultz and Lubowitz,Asia/Chongqing
4262,N,179,8,Thiel Okuneva and Glover,Europe/Samara
4263,N,547,10,Cole Inc,Asia/Chongqing
4264,N,991,9,Gottlieb Group,Asia/Jakarta
4265,N,551,6,Kunze Cummerata and Hettinger,Asia/Chongqing
4266,Y,925,1,Miller-Wehner,Asia/Chongqing
4267,N,101,7,Durgan Rogahn and Bartell,Europe/Moscow
4268,Y,897,7,Bartell-Schowalter,Asia/Manila
4269,N,333,9,Dietrich Blick and O'Reilly,Asia/Jakarta
4270,N,281,3,Bogan Durgan and Ullrich,Asia/Tokyo
4271,N,656,5,Upton Wisozk and Herman,Asia/Kabul
4272,Y,232,11,McKenzie and Sons,Asia/Tbilisi
4273,N,741,1,Ullrich-Gulgowski,Asia/Chongqing
4274,Y,141,9,Ullrich and Sons,America/Bogota
4275,N,832,3,Funk Inc,Indian/Comoro
4276,Y,848,3,Zboncak Nolan and Ernser,Asia/Harbin
4277,N,995,9,Sporer Group,Asia/Shanghai
4278,Y,11,12,Kohler Rogahn and Bernhard,Europe/Kiev
4279,N,945,4,Nolan Koepp and Emmerich,Asia/Chongqing
4280,Y,116,8,Parker Group,Atlantic/Stanley
4281,N,827,2,Wisoky-Kutch,Asia/Karachi
4282,Y,666,3,Corkery-Mertz,Asia/Shanghai
4283,Y,473,12,Shanahan LLC,Europe/Stockholm
4284,N,674,1,Bernier-Bashirian,Asia/Jakarta
4285,Y,29,3,Bahringer-Konopelski,Asia/Shanghai
4286,Y,130,1,Schuster Group,Asia/Shanghai
4287,Y,649,4,Kerluke-Reichel,Europe/Paris
4288,Y,868,12,Witting-O'Connell,Europe/Prague
4289,N,394,10,Pfannerstill Sauer and Kunze,Europe/Lisbon
4290,N,17,2,Hudson Inc,America/Lima
4291,N,337,4,Corkery Group,Europe/Zaporozhye
4292,N,606,2,Mitchell-Christiansen,America/Guayaquil
4293,N,325,12,Schowalter-Marks,Europe/Moscow
4294,N,128,1,Ruecker LLC,Asia/Macau
4295,Y,892,12,Hagenes-Lueilwitz,America/Chicago
4296,Y,451,1,Bernhard-Bashirian,Asia/Makassar
4297,Y,934,8,Dach-Daniel,Asia/Chongqing
4298,N,465,10,Fadel-Wunsch,Asia/Ulaanbaatar
4299,N,492,7,Bartell-Beer,Europe/Tirane
4300,N,803,12,Howell Runte and Kassulke,Asia/Harbin
4301,Y,495,10,Keeling Cruickshank and Jones,Asia/Kashgar
4302,Y,503,9,Gutkowski Inc,Europe/Lisbon
4303,N,566,9,Rohan-McCullough,Europe/Warsaw
4304,N,832,11,Goldner-Carter,Europe/Zagreb
4305,N,224,7,Yost-Kemmer,Asia/Ho_Chi_Minh
4306,N,627,4,Prohaska-Ritchie,America/Argentina/Cordoba
4307,N,277,5,Wehner Balistreri and Franecki,Asia/Dhaka
4308,Y,566,10,Gutmann LLC,Africa/Johannesburg
4309,Y,531,11,Wuckert-Keebler,Asia/Shanghai
4310,Y,895,2,D'Amore-Dickens,America/Toronto
4311,Y,816,12,Anderson and Sons,Asia/Jakarta
4312,N,957,2,Oberbrunner-Lakin,Asia/Aden
4313,N,931,4,Schaden and Sons,Europe/Paris
4314,N,627,3,Orn Wisoky and MacGyver,Africa/Johannesburg
4315,N,118,5,Bergstrom and Sons,Europe/Warsaw
4316,N,771,11,Bernier Hegmann and Skiles,Asia/Karachi
4317,Y,808,12,Harris Trantow and Pouros,Asia/Vladivostok
4318,N,319,10,Nitzsche-Kreiger,Asia/Manila
4319,Y,763,4,Schimmel-Thompson,Europe/Paris
4320,N,327,3,Brakus Group,Africa/Douala
4321,N,488,7,Gerhold Group,Asia/Taipei
4322,Y,810,1,Wisoky Zemlak and Romaguera,Asia/Jakarta
4323,N,720,10,Von Group,America/New_York
4324,Y,367,2,Bernhard-West,America/Montreal
4325,Y,486,11,Kuhlman and Sons,Africa/Johannesburg
4326,Y,479,5,Kautzer Inc,Europe/Moscow
4327,N,773,11,Beahan Mosciski and Kuvalis,Europe/Paris
4328,Y,378,5,Langworth Hickle and Marvin,America/Edmonton
4329,Y,455,2,Carter Lynch and Zieme,Asia/Shanghai
4330,Y,265,11,Hintz-Shanahan,Europe/Tirane
4331,N,112,3,Smitham Kemmer and Carroll,Asia/Manila
4332,Y,605,9,Reichert Langosh and Feil,Asia/Manila
4333,N,640,10,Bartell Berge and Hilpert,Europe/Warsaw
4334,N,554,9,Donnelly LLC,Asia/Manila
4335,N,655,4,Feeney-Konopelski,Europe/Lisbon
4336,Y,659,7,Rodriguez-Reichel,Europe/Lisbon
4337,N,96,4,Boehm-Farrell,Asia/Chongqing
4338,N,435,3,Streich Kertzmann and Kassulke,Asia/Yekaterinburg
4339,Y,956,4,Torp and Sons,Europe/Moscow
4340,Y,386,6,Johnston LLC,Asia/Tokyo
4341,Y,326,2,Johnson and Sons,America/Guayaquil
4342,N,384,2,Wyman Kuhlman and Schaefer,America/Sao_Paulo
4343,Y,529,3,Klein-Kiehn,Africa/Ouagadougou
4344,Y,268,10,Russel DuBuque and Rogahn,Asia/Jakarta
4345,Y,48,1,Larson Inc,Asia/Shanghai
4346,N,160,3,Emmerich-Waters,America/Argentina/Buenos_Aires
4347,N,930,6,Murphy Bogisich and Witting,Asia/Chongqing
4348,Y,720,2,Orn Kemmer and Lehner,America/Costa_Rica
4349,Y,459,6,Waters and Sons,America/Montreal
4350,Y,11,6,Little and Sons,Asia/Harbin
4351,Y,882,10,Jenkins Group,Asia/Shanghai
4352,N,471,8,Mosciski-Wunsch,America/Port-au-Prince
4353,N,764,12,Schultz Group,Europe/Lisbon
4354,Y,719,2,Hagenes Thiel and Powlowski,Asia/Manila
4355,N,155,1,Spinka Dare and Kuphal,Asia/Manila
4356,Y,186,7,Cummings Farrell and Herman,Asia/Jakarta
4357,N,507,1,Ritchie Pacocha and Schinner,America/Bogota
4358,N,777,11,Upton Group,America/Argentina/Salta
4359,Y,913,5,Abbott Inc,Asia/Kolkata
4360,N,963,2,Greenfelder Herman and O'Connell,Asia/Chongqing
4361,Y,202,11,McKenzie LLC,Europe/Helsinki
4362,Y,636,7,Sporer Spencer and Marks,Asia/Damascus
4363,Y,194,8,Wisozk Ullrich and Kuhic,Africa/Tunis
4364,Y,939,11,Ebert LLC,Asia/Damascus
4365,N,503,2,Stoltenberg-Ebert,America/Bogota
4366,N,182,3,McGlynn Graham and MacGyver,Europe/Helsinki
4367,Y,696,4,Strosin Beatty and Oberbrunner,Africa/Kigali
4368,N,467,12,Wunsch Hodkiewicz and Armstrong,Asia/Shanghai
4369,Y,575,3,Auer Watsica and Smith,Asia/Manila
4370,N,648,2,VonRueden-Wunsch,Asia/Jakarta
4371,N,205,5,Schroeder Satterfield and Witting,Asia/Manila
4372,N,696,7,Macejkovic and Sons,Asia/Jakarta
4373,N,988,12,Doyle Schultz and Treutel,Europe/Athens
4374,N,31,6,Rice Wunsch and Hand,Europe/Samara
4375,Y,152,10,Block Group,Asia/Harbin
4376,Y,433,11,Fisher Torp and Lesch,Asia/Seoul
4377,Y,589,8,Dare-Roob,Asia/Tokyo
4378,N,70,4,Wyman Koelpin and Purdy,Asia/Chongqing
4379,Y,352,8,Kris-Okuneva,Asia/Shanghai
4380,Y,700,6,Satterfield Conn and Veum,Asia/Jakarta
4381,N,675,6,Schneider Inc,Africa/Johannesburg
4382,Y,505,12,Stracke LLC,Asia/Chongqing
4383,N,864,10,White Roob and Weimann,Europe/Moscow
4384,N,357,6,Wunsch and Sons,Europe/Moscow
4385,Y,842,6,Kunze-Lebsack,Europe/Moscow
4386,N,839,8,Abshire-Kiehn,Asia/Karachi
4387,N,806,3,Reynolds and Sons,Asia/Chongqing
4388,N,697,7,Botsford Torp and Douglas,America/Mexico_City
4389,N,936,8,Schumm-Herman,Europe/Paris
4390,Y,765,3,Ferry Inc,Asia/Chongqing
4391,Y,559,7,Zemlak-Fisher,Asia/Dhaka
4392,N,696,10,Johns-Lindgren,Europe/Helsinki
4393,N,411,10,Kuhn-Mosciski,Europe/Belgrade
4394,Y,650,6,Glover-Gerhold,Asia/Shanghai
4395,N,64,7,Larson-Huels,America/Asuncion
4396,N,679,12,Harber Group,Asia/Damascus
4397,Y,431,3,Hintz Hudson and Daniel,Europe/Belgrade
4398,Y,701,10,Rogahn and Sons,Asia/Yakutsk
4399,N,217,5,Ankunding LLC,Asia/Shanghai
4400,N,730,6,Marquardt-Herzog,Asia/Kabul
4401,N,915,10,Marks-McLaughlin,Asia/Jerusalem
4402,N,808,6,Howell LLC,Asia/Almaty
4403,N,247,10,Donnelly Group,America/Sao_Paulo
4404,Y,626,9,Barrows Inc,Asia/Tokyo
4405,N,924,6,Stiedemann Crist and Bartoletti,Europe/Paris
4406,N,871,9,Lynch-Mraz,Asia/Chongqing
4407,N,254,9,Morissette-Collins,Asia/Manila
4408,N,26,4,Hills Kub and Halvorson,Europe/Lisbon
4409,N,926,11,Gutmann-Luettgen,Europe/Paris
4410,Y,632,10,Gutkowski Koelpin and Hayes,Asia/Manila
4411,Y,975,8,Olson Wehner and Kassulke,Asia/Jakarta
4412,Y,956,12,Wilderman Group,Asia/Shanghai
4413,Y,933,6,Schmitt-Smitham,Asia/Jakarta
4414,Y,859,4,Daugherty-Fahey,Europe/Moscow
4415,N,567,12,Rohan-Harvey,Asia/Kabul
4416,N,459,5,Herzog LLC,Asia/Jakarta
4417,N,809,1,Wisozk-Quigley,Asia/Shanghai
4418,Y,545,6,Rau Inc,Asia/Makassar
4419,Y,304,5,Powlowski and Sons,Asia/Ulaanbaatar
4420,N,308,8,Brakus-Feest,Europe/Paris
4421,Y,208,10,Mohr and Sons,Asia/Almaty
4422,N,584,2,Lebsack-Hagenes,Europe/Lisbon
4423,N,294,8,Kessler Inc,Asia/Yekaterinburg
4424,Y,527,8,Schiller Considine and Lind,Asia/Manila
4425,N,714,12,Gutkowski Inc,Africa/Tripoli
4426,N,153,9,Pfannerstill Group,Europe/Paris
4427,N,346,6,Lubowitz Baumbach and Koch,Asia/Tokyo
4428,N,789,2,Lindgren-Hyatt,America/Tegucigalpa
4429,Y,57,12,Hintz-Bosco,Africa/Lagos
4430,Y,994,12,Trantow Inc,Asia/Jakarta
4431,Y,254,2,Stracke-Rippin,Europe/Moscow
4432,N,589,8,Legros-Grimes,Europe/Paris
4433,N,517,11,Treutel Koepp and Mohr,Asia/Qyzylorda
4434,Y,238,6,Barton Parisian and Lindgren,Asia/Bangkok
4435,N,665,6,Jenkins and Sons,Europe/Moscow
4436,Y,817,11,Krajcik Zieme and Reinger,Asia/Chongqing
4437,N,539,5,Ward-Swaniawski,Asia/Manila
4438,Y,567,5,Connelly Ortiz and Gulgowski,America/Argentina/Catamarca
4439,Y,244,1,Rowe Carter and Roob,Europe/Belgrade
4440,N,988,7,Schowalter-Pfeffer,Asia/Karachi
4441,N,842,3,Cartwright Murray and Purdy,Europe/Ljubljana
4442,Y,514,9,Grimes and Sons,Asia/Ho_Chi_Minh
4443,N,763,6,Fadel-Jerde,Asia/Harbin
4444,Y,89,1,Williamson and Sons,Asia/Aden
4445,Y,150,11,Fritsch Inc,Africa/Lagos
4446,N,64,7,Mills Inc,Europe/Paris
4447,N,407,12,Romaguera-Kovacek,America/Argentina/Cordoba
4448,Y,71,6,Gaylord Hane and Schmitt,Asia/Tehran
4449,Y,183,9,Terry-Runolfsdottir,Asia/Bangkok
4450,N,322,12,White-Harris,Europe/Paris
4451,N,439,6,Quigley-Roob,Europe/Kaliningrad
4452,Y,80,12,Ullrich and Sons,Asia/Makassar
4453,N,117,1,Koss and Sons,Asia/Manila
4454,N,47,2,Schuppe Group,Asia/Novokuznetsk
4455,N,713,12,Langworth Cassin and Schamberger,Europe/Sofia
4456,N,824,11,Legros-Botsford,America/Lima
4457,N,863,4,Fadel-Huel,Europe/Helsinki
4458,N,969,9,Rolfson Smitham and Monahan,Europe/Paris
4459,Y,950,5,Predovic and Sons,Europe/Moscow
4460,Y,448,12,Bahringer-Hessel,Asia/Manila
4461,N,67,1,Cruickshank-Beer,Europe/Oslo
4462,Y,629,10,Legros McDermott and Langworth,Europe/Helsinki
4463,N,621,4,Sporer Shanahan and Lind,Asia/Chongqing
4464,N,597,9,Schneider-Mohr,Asia/Harbin
4465,N,616,11,Denesik Inc,Asia/Shanghai
4466,N,679,8,Stiedemann-MacGyver,Asia/Makassar
4467,Y,906,1,Lang LLC,Asia/Chongqing
4468,Y,811,1,Barrows Feeney and Welch,Europe/Lisbon
4469,Y,158,2,Huels King and Kulas,Asia/Jakarta
4470,Y,126,2,Thompson Group,Asia/Tehran
4471,Y,174,3,Bernhard-Orn,Europe/Lisbon
4472,Y,382,11,Pollich Okuneva and Rippin,Asia/Shanghai
4473,N,918,7,Halvorson Inc,Europe/Uzhgorod
4474,Y,290,2,Lesch Bradtke and Runolfsson,America/New_York
4475,N,660,8,Grant-Berge,Asia/Harbin
4476,Y,812,1,Sauer Group,Asia/Kabul
4477,N,514,2,Mohr LLC,Asia/Bangkok
4478,Y,910,9,Mertz-Walker,Europe/Warsaw
4479,N,697,9,Prohaska-Mills,Asia/Tokyo
4480,N,69,1,Howell Pagac and Mohr,Asia/Thimphu
4481,N,457,6,Kovacek and Sons,Europe/Warsaw
4482,Y,596,2,Bode-Hirthe,Asia/Makassar
4483,N,41,7,Hartmann Maggio and Hackett,Europe/Moscow
4484,Y,22,5,Funk Group,Asia/Jakarta
4485,Y,593,8,Kilback Russel and Douglas,Asia/Almaty
4486,N,496,12,Corwin-Mohr,Asia/Makassar
4487,Y,201,1,Will Wolff and Upton,Asia/Manila
4488,N,288,4,Bruen Streich and Daugherty,Europe/Athens
4489,N,660,1,McDermott-Bins,Asia/Ho_Chi_Minh
4490,N,870,11,Cassin Group,Asia/Shanghai
4491,N,612,10,Senger Group,Europe/Paris
4492,Y,221,10,Dickens-O'Connell,Europe/Warsaw
4493,N,961,4,Jast-Koelpin,Europe/Warsaw
4494,Y,659,4,Boehm Tillman and Walker,Africa/Ndjamena
4495,N,416,3,Corwin-Leannon,Europe/Lisbon
4496,N,48,9,Cruickshank and Sons,America/Argentina/Cordoba
4497,N,80,4,Rau-Conroy,Asia/Tokyo
4498,N,894,5,Ledner-Wisozk,Indian/Maldives
4499,N,545,6,O'Conner Inc,Asia/Manila
4500,N,825,10,Kuhic-Hahn,Africa/Asmara
4501,N,212,5,Bogan Inc,Asia/Shanghai
4502,Y,372,4,Lueilwitz Schroeder and Wuckert,Asia/Manila
4503,N,956,4,Harvey and Sons,Asia/Makassar
4504,N,413,7,Kris Padberg and Hettinger,Europe/Warsaw
4505,N,777,1,Kreiger-Tillman,America/Fortaleza
4506,Y,803,11,Purdy-Swaniawski,America/Santiago
4507,Y,573,12,Jones-Glover,Asia/Harbin
4508,N,836,9,Tromp-Heaney,Asia/Shanghai
4509,Y,168,2,Ziemann-Rau,Europe/Prague
4510,N,636,10,Lemke Group,Europe/Moscow
4511,Y,275,2,Gibson Ortiz and Anderson,Asia/Yekaterinburg
4512,Y,167,11,Sipes-Hane,Asia/Makassar
4513,Y,971,9,Cassin Inc,Asia/Shanghai
4514,Y,169,12,O'Conner-Nitzsche,America/Panama
4515,Y,311,8,Mann Inc,Europe/Budapest
4516,N,996,8,McDermott and Sons,Asia/Harbin
4517,Y,604,10,Lindgren Group,Asia/Harbin
4518,Y,382,12,Bahringer-Kiehn,Asia/Ho_Chi_Minh
4519,Y,395,6,Stanton Group,Europe/Moscow
4520,N,266,12,Kozey Daugherty and Mohr,Asia/Chongqing
4521,N,465,9,Pacocha-Weissnat,Asia/Karachi
4522,N,945,8,Wisozk Inc,Asia/Manila
4523,N,529,5,Ratke Inc,America/Argentina/Salta
4524,Y,780,9,MacGyver Inc,America/Sao_Paulo
4525,N,553,10,Gerhold-Klein,Asia/Hong_Kong
4526,Y,463,1,Breitenberg-Johnson,Asia/Shanghai
4527,N,455,5,Kemmer LLC,America/Lima
4528,Y,315,8,Koss Bergnaum and Bradtke,Europe/Lisbon
4529,Y,3,1,Mohr Group,Europe/Moscow
4530,Y,17,11,Keeling Flatley and Hodkiewicz,Asia/Manila
4531,N,883,5,Steuber Hauck and Bruen,Europe/Copenhagen
4532,N,501,6,Donnelly Sipes and Gleason,Europe/Ljubljana
4533,N,411,8,Weber-Mosciski,Pacific/Palau
4534,N,447,10,Grimes Howe and Hauck,Europe/Stockholm
4535,Y,47,3,Schinner Wiegand and Kessler,Asia/Harbin
4536,N,820,8,Lemke-Murphy,Europe/Stockholm
4537,N,718,1,Ruecker Bechtelar and Greenholt,America/New_York
4538,Y,364,4,Okuneva Russel and Stroman,Africa/Lagos
4539,N,662,4,Wiza-Schmitt,Europe/Stockholm
4540,N,510,12,Mitchell-Morar,Europe/Warsaw
4541,Y,248,3,Goldner Skiles and Stanton,America/Lima
4542,Y,864,6,Greenholt Kuvalis and O'Hara,Europe/Warsaw
4543,Y,823,8,Shields Oberbrunner and Hegmann,Africa/Lome
4544,Y,400,2,Hills Rogahn and Kautzer,Europe/Warsaw
4545,Y,929,2,Reichel Bode and Wisozk,Europe/Paris
4546,Y,247,12,Stiedemann LLC,Europe/Moscow
4547,N,370,6,Abshire Group,Asia/Makassar
4548,N,409,3,Emmerich Yost and Moore,Asia/Jakarta
4549,Y,586,1,Kuphal and Sons,Asia/Muscat
4550,N,686,11,Zieme Lemke and Considine,Asia/Manila
4551,N,469,2,Frami-Heller,Europe/Warsaw
4552,N,826,7,Dare LLC,Africa/Lagos
4553,Y,511,9,Runolfsson Group,Asia/Makassar
4554,Y,615,6,Hansen Quitzon and Huels,Europe/Lisbon
4555,N,942,11,Stoltenberg LLC,Asia/Rangoon
4556,N,692,2,Hilpert Group,Asia/Manila
4557,N,517,6,Orn-Swift,Africa/Conakry
4558,Y,659,12,Reichel Inc,Asia/Chongqing
4559,N,125,2,Homenick and Sons,Europe/Moscow
4560,N,759,7,Rath LLC,Asia/Manila
4561,N,173,5,Hyatt-Rosenbaum,Europe/Moscow
4562,Y,728,1,Hartmann-Kuhic,Europe/Stockholm
4563,N,529,6,Littel Hammes and Cremin,Asia/Bangkok
4564,N,643,1,Gulgowski Group,Asia/Jakarta
4565,Y,781,3,Lindgren and Sons,Asia/Makassar
4566,Y,586,11,Hessel Group,Europe/Oslo
4567,Y,634,9,Rippin Murazik and West,America/New_York
4568,Y,136,4,Borer-Feil,America/Lima
4569,N,250,6,Oberbrunner Lehner and Yost,Asia/Chongqing
4570,Y,549,11,Hodkiewicz-Davis,Asia/Makassar
4571,Y,189,8,Wisoky Schulist and Deckow,Asia/Chongqing
4572,Y,22,12,Harber Inc,Europe/Zaporozhye
4573,N,768,4,Prohaska-Keeling,Europe/Warsaw
4574,Y,639,5,Reichel LLC,Europe/Prague
4575,N,113,10,Conn Bahringer and Mohr,America/Toronto
4576,Y,522,4,Grimes-Dach,America/Managua
4577,Y,846,12,Muller LLC,Asia/Dhaka
4578,Y,67,9,Bayer Group,Europe/Lisbon
4579,N,375,9,Heller Group,Asia/Manila
4580,Y,969,5,Dickinson Hackett and Krajcik,Asia/Baku
4581,Y,735,9,Emmerich and Sons,Europe/Dublin
4582,Y,601,1,Cassin Kilback and Bradtke,America/Rio_Branco
4583,Y,834,6,Price-Welch,Asia/Chongqing
4584,Y,379,12,Bogisich Jast and Wisozk,America/Sao_Paulo
4585,N,893,9,Rutherford and Sons,Europe/Berlin
4586,Y,480,10,Predovic Inc,Africa/Casablanca
4587,N,340,6,MacGyver Inc,Asia/Dushanbe
4588,N,502,10,Kertzmann LLC,Africa/Luanda
4589,Y,512,12,Yundt and Sons,Europe/Zurich
4590,N,631,1,Fisher Group,Europe/Lisbon
4591,Y,249,12,Leannon Gutmann and Witting,America/Bogota
4592,Y,564,2,Larkin-Feil,Asia/Manila
4593,N,963,3,Streich-Jacobi,America/Port-au-Prince
4594,Y,436,7,Green-Oberbrunner,Europe/Lisbon
4595,N,426,7,Johnson-Kohler,Europe/Lisbon
4596,N,209,11,Klein Inc,Europe/Volgograd
4597,N,357,5,Upton LLC,Asia/Shanghai
4598,N,738,10,Fahey Schimmel and Wiegand,Asia/Makassar
4599,N,404,9,Collins LLC,Europe/Volgograd
4600,Y,886,10,Anderson-Oberbrunner,Asia/Chongqing
4601,N,658,7,Pollich-Hirthe,America/New_York
4602,Y,217,4,Jenkins Metz and Bartoletti,Europe/Stockholm
4603,Y,868,5,Cassin Davis and Blick,America/New_York
4604,N,755,4,Maggio-Lebsack,Africa/Johannesburg
4605,N,32,8,Tillman Pouros and Hintz,America/Cuiaba
4606,Y,181,3,Dach-Schulist,Asia/Shanghai
4607,N,665,10,Prosacco-Price,America/Sao_Paulo
4608,N,343,6,Lang Group,America/Bogota
4609,N,829,9,Ebert Wiegand and Willms,America/Santiago
4610,N,143,2,Jast-Kassulke,Europe/Sofia
4611,Y,684,10,Mertz Barrows and Hackett,Asia/Harbin
4612,Y,63,12,Quitzon-Baumbach,Europe/Vilnius
4613,N,852,9,Schumm-Berge,Africa/Dakar
4614,Y,892,11,Batz Group,Asia/Harbin
4615,Y,193,5,Jast Rippin and Rogahn,Europe/Moscow
4616,N,45,11,Beer Inc,Europe/Minsk
4617,N,800,6,Morissette LLC,Asia/Jakarta
4618,N,116,2,Hauck Inc,Asia/Jakarta
4619,Y,588,4,Altenwerth-O'Conner,Europe/Paris
4620,N,561,4,McGlynn Mohr and Gleason,Asia/Jakarta
4621,N,880,12,Jakubowski Mertz and Hegmann,Asia/Chongqing
4622,N,721,3,Schuster-Hammes,Europe/Lisbon
4623,N,619,12,Klein and Sons,Europe/Lisbon
4624,Y,403,7,Cremin and Sons,Europe/Zagreb
4625,N,315,11,Wyman Inc,Asia/Dhaka
4626,Y,131,10,Kirlin Windler and Baumbach,Asia/Chongqing
4627,N,290,8,Bergstrom Schultz and Corkery,Asia/Shanghai
4628,Y,621,5,Abshire-Batz,Asia/Manila
4629,Y,157,9,Thiel-Reichert,Asia/Makassar
4630,Y,19,2,Mayer Group,Asia/Manila
4631,N,135,12,Bradtke Dooley and Conroy,Africa/Tripoli
4632,N,361,8,Emmerich-McDermott,Asia/Harbin
4633,Y,951,2,Durgan Crooks and Flatley,Europe/Copenhagen
4634,N,133,5,Dietrich-Altenwerth,Asia/Shanghai
4635,Y,369,3,Franecki-Bosco,Africa/Nairobi
4636,N,198,3,Beier Group,Asia/Manila
4637,N,672,4,Gleichner Pagac and Bayer,Asia/Chongqing
4638,Y,466,6,Schmeler LLC,America/Santo_Domingo
4639,N,566,8,Predovic Streich and Hettinger,Asia/Chongqing
4640,Y,909,9,Feeney-Russel,Europe/Lisbon
4641,N,273,6,Schulist-Hand,America/New_York
4642,N,105,11,Corwin-Gottlieb,Europe/Ljubljana
4643,Y,294,8,O'Hara Yundt and Altenwerth,America/Bogota
4644,Y,816,4,Collins-Mueller,Asia/Manila
4645,N,647,7,Kris and Sons,Europe/Warsaw
4646,N,387,1,Rippin-King,Europe/Prague
4647,Y,711,3,Carter Mosciski and O'Conner,Asia/Jakarta
4648,N,446,11,Padberg-Wisoky,Asia/Shanghai
4649,N,841,12,Herman Group,Asia/Shanghai
4650,Y,691,4,Vandervort-Lynch,Asia/Shanghai
4651,Y,494,10,Macejkovic Thompson and Fisher,Asia/Chongqing
4652,N,502,7,Deckow-Treutel,Asia/Kolkata
4653,Y,946,4,Wilkinson LLC,America/Maceio
4654,N,63,12,Batz Gaylord and Streich,Europe/Sofia
4655,Y,67,8,Herman Waelchi and Wiza,Africa/Tunis
4656,N,745,12,Cummerata and Sons,Asia/Harbin
4657,N,842,12,Hickle Swift and Schmitt,Asia/Chongqing
4658,Y,950,3,Macejkovic LLC,Europe/Sarajevo
4659,N,16,3,Hartmann and Sons,Asia/Almaty
4660,N,749,2,Dietrich Wiegand and Jenkins,Africa/Tunis
4661,N,568,8,Grimes and Sons,America/Caracas
4662,Y,282,5,Kris Wuckert and Hansen,America/Asuncion
4663,N,584,10,Bins Mayer and Jaskolski,Asia/Jakarta
4664,Y,434,12,Towne-Goodwin,Africa/Lubumbashi
4665,Y,187,10,Gibson Group,Asia/Chongqing
4666,Y,632,6,Collier-Beer,Asia/Seoul
4667,N,210,8,Gottlieb Treutel and Smitham,Europe/Paris
4668,Y,699,2,Ryan-Johns,Europe/Kiev
4669,N,769,10,Hickle Hand and Kautzer,Asia/Chongqing
4670,Y,729,5,Shields-Welch,Asia/Chongqing
4671,Y,665,2,Rempel-Harber,Europe/Paris
4672,N,895,9,Gulgowski-Schultz,Europe/Stockholm
4673,N,8,2,O'Connell-Veum,Asia/Shanghai
4674,N,871,5,Mann-Lang,Europe/Athens
4675,Y,2,12,Harris-Weissnat,Asia/Chongqing
4676,N,937,4,Fadel-Collier,Asia/Shanghai
4677,N,954,8,Emmerich LLC,Pacific/Auckland
4678,Y,784,11,Roberts Veum and Veum,America/Araguaina
4679,Y,456,10,Sanford-Kirlin,Asia/Shanghai
4680,Y,796,1,Greenfelder-Mills,Europe/Dublin
4681,N,261,7,Emard Group,Asia/Baghdad
4682,N,293,5,Hartmann Blanda and Farrell,Europe/Helsinki
4683,Y,927,10,Denesik-Crona,Asia/Harbin
4684,N,422,5,Gaylord Group,Europe/Prague
4685,Y,285,8,Fahey-Schimmel,Asia/Chongqing
4686,N,689,7,Sporer Group,America/La_Paz
4687,Y,209,9,Upton Inc,Asia/Makassar
4688,N,292,5,Batz-Hyatt,Asia/Makassar
4689,N,664,8,Wilderman Schmidt and Pfeffer,Europe/Stockholm
4690,N,259,5,Grimes-Lubowitz,Europe/Amsterdam
4691,N,688,2,Robel-Rempel,Europe/Tirane
4692,Y,105,11,Bergnaum Kirlin and Beer,Asia/Irkutsk
4693,N,939,11,Jacobson and Sons,Asia/Shanghai
4694,Y,619,8,Waelchi-DuBuque,Europe/Kiev
4695,N,428,11,Kilback and Sons,Asia/Chongqing
4696,N,233,10,Weber-Gutmann,Asia/Manila
4697,N,340,8,Wisoky Wuckert and Lemke,America/Montreal
4698,N,581,6,Gulgowski Kirlin and Stokes,Asia/Jakarta
4699,N,487,7,Konopelski Mayer and Collins,Asia/Beirut
4700,N,758,6,Mann Funk and Stark,Asia/Harbin
4701,N,273,5,Olson Anderson and Jacobson,Africa/Monrovia
4702,N,497,3,Waters Runolfsdottir and Streich,Asia/Makassar
4703,Y,718,9,Veum-Kautzer,America/Bahia
4704,N,439,5,Torp-Stehr,Asia/Tokyo
4705,Y,268,11,Lang-Jacobi,Asia/Manila
4706,N,748,8,Homenick and Sons,America/Nassau
4707,N,422,8,Koepp Schumm and Upton,Africa/Dakar
4708,Y,76,10,Jaskolski Price and Abernathy,Europe/Kiev
4709,N,73,9,Heathcote-DuBuque,America/Montreal
4710,Y,763,12,Fritsch Group,Asia/Jakarta
4711,N,331,5,Grimes-Zemlak,Asia/Chongqing
4712,N,940,12,Casper LLC,Europe/Sarajevo
4713,N,103,10,Huels LLC,Europe/Chisinau
4714,Y,220,4,Rodriguez LLC,America/Mexico_City
4715,N,981,5,Lynch and Sons,Asia/Karachi
4716,N,409,5,Ryan-Christiansen,Europe/Stockholm
4717,N,859,2,Crist Group,Europe/Copenhagen
4718,N,960,8,Mills LLC,Europe/Warsaw
4719,N,368,4,Frami-Borer,Asia/Tehran
4720,Y,958,7,Will-Gibson,America/Fortaleza
4721,Y,366,5,Dicki and Sons,Asia/Chongqing
4722,N,227,11,Bernier Kautzer and Conn,Europe/Warsaw
4723,Y,785,12,Torphy LLC,Asia/Shanghai
4724,N,777,7,Kling-Ortiz,Asia/Shanghai
4725,Y,884,8,Rodriguez-Cremin,America/Fortaleza
4726,N,210,2,Bosco Jenkins and Emard,Europe/Lisbon
4727,N,139,2,Gleichner-Ernser,Asia/Harbin
4728,Y,979,3,Will Koss and Prohaska,Asia/Chongqing
4729,Y,536,10,Kertzmann Group,Asia/Shanghai
4730,N,81,9,Ziemann Lind and Breitenberg,Europe/Athens
4731,Y,850,2,Von-Reichert,Asia/Harbin
4732,N,959,8,Satterfield-Morissette,Europe/Sarajevo
4733,N,354,10,Dietrich Littel and Smitham,Asia/Tokyo
4734,N,2,10,Gerlach Group,Asia/Dushanbe
4735,Y,185,8,VonRueden Pacocha and Bartoletti,Asia/Kuala_Lumpur
4736,Y,320,9,Farrell and Sons,America/Argentina/Catamarca
4737,Y,893,5,Runte-Borer,Asia/Manila
4738,N,661,8,Halvorson Inc,Europe/Stockholm
4739,N,409,9,Glover-Schaden,America/Anchorage
4740,N,904,7,Fisher-Swift,Africa/Lagos
4741,N,99,10,Ritchie Group,Europe/Minsk
4742,N,991,5,Stamm Veum and Bailey,Europe/Stockholm
4743,Y,72,7,Collier Kuhlman and Durgan,Europe/Stockholm
4744,Y,537,6,Kuhn LLC,America/Bogota
4745,Y,179,3,Kozey LLC,America/Lima
4746,N,450,8,Sawayn LLC,Europe/Moscow
4747,N,227,10,Rowe-Upton,America/Argentina/Cordoba
4748,Y,569,7,Schaefer-Goyette,Asia/Manila
4749,Y,335,5,Heathcote-Schamberger,Asia/Dhaka
4750,N,617,1,Larson Murazik and Larson,Asia/Manila
4751,Y,271,7,Hickle-McCullough,America/Havana
4752,N,485,9,Jast-Feest,Asia/Makassar
4753,Y,440,6,Hammes Hoeger and McCullough,Asia/Chongqing
4754,N,311,8,Rath Batz and Wunsch,Asia/Kuala_Lumpur
4755,Y,886,4,Lang Deckow and Kuhn,Europe/Stockholm
4756,Y,308,11,Altenwerth LLC,Europe/Moscow
4757,N,485,6,Ondricka-Stoltenberg,America/Lima
4758,Y,408,7,Skiles Feil and Bashirian,Africa/Accra
4759,N,402,7,Champlin Howe and McClure,Europe/Paris
4760,N,354,11,Zboncak Waelchi and Considine,Asia/Chongqing
4761,Y,435,3,Haag LLC,Asia/Harbin
4762,N,176,4,Daugherty Dicki and Zboncak,Europe/Moscow
4763,Y,728,4,Daugherty Inc,America/Lima
4764,Y,466,3,Upton Will and Cremin,Europe/Warsaw
4765,Y,393,5,Bogan-Witting,America/Lima
4766,N,295,4,Frami Inc,Asia/Baku
4767,N,704,1,Lind Zboncak and O'Hara,America/Bogota
4768,Y,616,1,Nitzsche-Simonis,Asia/Jayapura
4769,N,318,4,Gutmann Ernser and Prohaska,America/Argentina/Cordoba
4770,Y,9,9,Dooley-Huel,Europe/Warsaw
4771,Y,180,11,Heidenreich Group,Asia/Shanghai
4772,Y,696,4,Purdy Bergnaum and Kris,Asia/Chongqing
4773,N,673,10,Ullrich Inc,Europe/Brussels
4774,N,54,8,Murazik LLC,Europe/Paris
4775,Y,548,10,Gleason-Berge,Europe/Tirane
4776,Y,561,12,Koch-Brakus,America/Lima
4777,N,869,7,Hirthe Jaskolski and Jenkins,America/Bahia
4778,Y,732,11,Wolff Bayer and Hackett,Europe/Warsaw
4779,N,474,3,Kunze-Ziemann,Africa/Lagos
4780,Y,170,12,Beatty Group,Asia/Tokyo
4781,N,869,9,Graham-Corwin,America/Mexico_City
4782,Y,175,3,Hoppe Herzog and Koelpin,Asia/Karachi
4783,Y,753,12,Lindgren McKenzie and Crooks,America/Santiago
4784,N,361,9,Koss Inc,Europe/Lisbon
4785,N,828,3,Cummings Lakin and Schultz,America/Los_Angeles
4786,Y,696,11,Cronin LLC,Europe/Warsaw
4787,N,336,9,Reynolds-Bosco,Europe/Prague
4788,Y,766,8,Parker-Haley,Europe/Stockholm
4789,Y,905,4,Gibson-Ankunding,Asia/Jerusalem
4790,N,746,11,Waters Abernathy and McCullough,Asia/Shanghai
4791,N,286,12,Mills-Reichel,Europe/Prague
4792,Y,553,6,Stanton LLC,Asia/Shanghai
4793,N,379,5,Sawayn-Hoppe,Asia/Chongqing
4794,N,984,1,Hauck LLC,America/Sao_Paulo
4795,Y,303,11,Reilly Inc,Asia/Shanghai
4796,Y,371,5,Lang-Senger,Europe/Amsterdam
4797,Y,804,4,Lockman-Kuhlman,Europe/Moscow
4798,N,98,7,Torphy-Durgan,Europe/Paris
4799,N,194,9,Morar-Homenick,Asia/Jakarta
4800,N,52,5,Hermiston-Connelly,Europe/Berlin
4801,N,191,6,Mueller-Welch,America/Sao_Paulo
4802,N,556,1,Nicolas-Williamson,Europe/Zaporozhye
4803,Y,415,11,Schumm Heaney and Lubowitz,Asia/Manila
4804,N,528,10,Schimmel Group,Europe/Lisbon
4805,Y,611,12,Emard Becker and Purdy,Europe/Kiev
4806,Y,531,11,Morar Daugherty and Tillman,Europe/Riga
4807,Y,357,5,Thompson Koepp and Denesik,Europe/Oslo
4808,Y,855,5,Yundt-Murazik,Europe/Kiev
4809,Y,803,11,Lindgren Wiegand and Little,America/Sao_Paulo
4810,N,427,3,Hermiston Inc,Africa/Tunis
4811,Y,155,5,McCullough-Fadel,Europe/Moscow
4812,Y,594,11,Mayer LLC,Asia/Shanghai
4813,Y,994,7,Maggio-Lebsack,Africa/Kampala
4814,N,906,2,Mitchell Blanda and Kling,Pacific/Wallis
4815,Y,87,4,Grimes-Goyette,Asia/Jakarta
4816,N,771,6,Hilll Group,Asia/Shanghai
4817,Y,976,9,Macejkovic Luettgen and Stamm,America/Sao_Paulo
4818,N,445,9,Jakubowski-Swift,Africa/Kinshasa
4819,N,108,11,Mayer Group,Asia/Kabul
4820,N,47,7,Hane-Hegmann,Asia/Almaty
4821,N,452,8,Mosciski LLC,America/New_York
4822,Y,739,4,Kihn-Hartmann,Asia/Almaty
4823,Y,35,5,Kuvalis-Howell,Asia/Manila
4824,N,276,4,Jacobi-Rempel,Asia/Manila
4825,N,130,7,Wilkinson Runolfsdottir and Goyette,Asia/Manila
4826,Y,560,2,Hand LLC,Europe/Prague
4827,N,145,3,Cassin and Sons,Asia/Shanghai
4828,Y,668,4,Breitenberg Dare and Bogan,Asia/Rangoon
4829,Y,160,5,Terry Schowalter and Heaney,Europe/Belgrade
4830,Y,657,1,Harber-Ledner,Asia/Shanghai
4831,N,954,11,Auer Inc,America/Caracas
4832,N,67,9,Schaefer LLC,Europe/Paris
4833,N,43,7,King-Langworth,Asia/Irkutsk
4834,N,427,12,Lesch-Bins,Asia/Chongqing
4835,N,596,2,Rowe Rutherford and Schmeler,America/Santo_Domingo
4836,Y,429,9,Dicki Schiller and Durgan,Europe/Stockholm
4837,Y,970,5,Skiles-Fisher,Asia/Kuching
4838,Y,402,3,Zulauf-Kling,Asia/Makassar
4839,N,687,10,Bartell LLC,Asia/Chongqing
4840,Y,764,11,Mraz-Abbott,Europe/Paris
4841,Y,788,1,Kertzmann Group,Asia/Chongqing
4842,N,145,8,Legros O'Conner and Williamson,Asia/Manila
4843,Y,805,9,Langosh Feest and Murray,Europe/Stockholm
4844,N,790,5,Oberbrunner Group,Africa/Khartoum
4845,N,783,2,Anderson-Reichel,Asia/Tokyo
4846,Y,124,2,Effertz-Schaden,Indian/Comoro
4847,N,440,9,Swift Dickens and Mitchell,America/Sao_Paulo
4848,Y,53,1,Kris and Sons,Asia/Jakarta
4849,Y,457,9,O'Keefe Stroman and Bosco,Africa/Johannesburg
4850,Y,482,2,Smith Tromp and Mayert,Asia/Jakarta
4851,Y,973,5,Grimes Ryan and Cassin,Asia/Manila
4852,N,84,7,Larkin LLC,Europe/Simferopol
4853,Y,101,12,Murray-Carter,Asia/Shanghai
4854,N,678,3,Runolfsson Rolfson and Fisher,Europe/Warsaw
4855,N,863,6,Ernser LLC,Asia/Jakarta
4856,Y,564,7,Mraz and Sons,Asia/Riyadh
4857,N,806,3,Stark-Vandervort,Europe/Warsaw
4858,Y,245,8,Gerhold and Sons,Asia/Jakarta
4859,N,842,7,Weimann-Fadel,Africa/Kampala
4860,N,404,6,McClure Schulist and Douglas,America/Lima
4861,Y,227,6,O'Hara-Kirlin,Asia/Jakarta
4862,N,223,5,McCullough-Brown,Asia/Shanghai
4863,N,197,2,Hansen-Feil,Europe/Athens
4864,Y,217,10,Schneider-Reichert,Asia/Chongqing
4865,N,445,2,Corkery-Daugherty,Asia/Manila
4866,N,888,8,Lueilwitz Lynch and Langworth,Asia/Tehran
4867,Y,248,5,Jacobi-Gleichner,America/Guayaquil
4868,N,564,6,Okuneva-Greenfelder,America/Sao_Paulo
4869,N,761,1,Davis and Sons,Asia/Kuala_Lumpur
4870,Y,379,1,Ortiz Russel and Schimmel,Europe/Warsaw
4871,Y,821,6,Roberts and Sons,Asia/Ulaanbaatar
4872,N,581,12,Wyman-Bernier,Africa/Dar_es_Salaam
4873,N,990,10,King Gulgowski and O'Hara,Asia/Manila
4874,Y,635,12,Adams LLC,Asia/Makassar
4875,Y,66,8,Bergnaum and Sons,Europe/Lisbon
4876,N,709,1,Herzog-Murazik,America/Havana
4877,N,890,12,Emard McKenzie and Powlowski,America/Lima
4878,Y,803,11,Schaefer Group,Africa/Windhoek
4879,N,46,9,Luettgen-McGlynn,America/Panama
4880,N,688,4,Morissette-Miller,Africa/Bamako
4881,Y,267,9,MacGyver LLC,Asia/Shanghai
4882,Y,731,4,Lindgren-Larkin,Asia/Jakarta
4883,N,875,12,Koepp LLC,Europe/Vilnius
4884,Y,396,4,Sauer Inc,Africa/Blantyre
4885,N,308,10,Stiedemann-Howe,Asia/Jakarta
4886,N,396,3,Lindgren LLC,America/Sao_Paulo
4887,Y,58,10,Smitham-Kunde,Europe/Paris
4888,N,144,10,Bernier Treutel and Hoppe,America/Lima
4889,Y,98,4,Durgan-Paucek,Africa/Lusaka
4890,Y,779,6,Volkman-Schaden,Europe/Prague
4891,Y,53,7,Lakin-Weimann,Africa/Tunis
4892,N,717,4,Jakubowski Reynolds and Yundt,America/Lima
4893,N,44,10,O'Kon Group,Asia/Chongqing
4894,Y,976,12,O'Connell-Braun,Africa/Cairo
4895,N,813,4,Gusikowski Turcotte and Bechtelar,America/Cuiaba
4896,Y,213,6,Baumbach-Lebsack,Europe/Moscow
4897,N,419,12,Deckow-Nolan,Asia/Harbin
4898,Y,189,2,Williamson LLC,Asia/Chongqing
4899,N,66,11,Deckow Mante and Baumbach,Asia/Chongqing
4900,Y,16,11,Rutherford-Corkery,America/Mexico_City
4901,Y,655,10,Lind Group,Asia/Ho_Chi_Minh
4902,N,443,5,Pollich-Marks,Asia/Shanghai
4903,Y,621,5,Nienow-Runolfsdottir,Asia/Shanghai
4904,N,687,12,Ankunding LLC,Asia/Shanghai
4905,Y,198,1,Kunze Wiza and Schuppe,Africa/Cairo
4906,Y,117,9,Hoeger Stehr and Cruickshank,America/Argentina/Cordoba
4907,N,159,4,Kuphal Tillman and Schaden,Asia/Shanghai
4908,Y,72,5,Wolf Olson and O'Keefe,Asia/Makassar
4909,N,242,7,Gusikowski Powlowski and Hudson,Asia/Seoul
4910,Y,224,12,Runolfsson Blanda and Borer,Europe/Riga
4911,Y,635,2,Pollich Jones and Nader,Indian/Reunion
4912,N,318,12,Bartell and Sons,America/Tegucigalpa
4913,N,385,6,Metz Windler and Armstrong,Africa/Kinshasa
4914,N,117,3,Satterfield Murazik and Koss,Asia/Manila
4915,Y,950,6,Pfannerstill Spencer and Farrell,Europe/Paris
4916,Y,649,2,Gaylord-Schaefer,Asia/Makassar
4917,Y,278,10,Gleichner Inc,Asia/Novokuznetsk
4918,N,533,10,Abbott and Sons,America/Chicago
4919,Y,472,12,Price Smitham and Fahey,Africa/Cairo
4920,Y,119,12,Barton-Kerluke,Asia/Manila
4921,Y,849,11,McKenzie Keeling and Powlowski,Asia/Chongqing
4922,Y,531,1,Simonis Inc,America/Bogota
4923,N,856,2,Jast-Mitchell,America/Godthab
4924,Y,903,3,Boyer-Willms,Asia/Jakarta
4925,Y,259,12,Heidenreich Dibbert and Crist,Africa/Banjul
4926,N,204,9,Collins-Lehner,Europe/Warsaw
4927,N,165,1,Strosin Inc,Asia/Manila
4928,Y,555,1,Klein-Romaguera,Europe/Madrid
4929,N,456,2,Dach LLC,Asia/Pyongyang
4930,N,956,12,Jaskolski Kessler and Williamson,America/Lima
4931,N,977,1,Thompson Medhurst and Bayer,Asia/Jakarta
4932,N,517,9,Vandervort-Abshire,Asia/Chongqing
4933,Y,486,8,Murphy Armstrong and Strosin,Asia/Manila
4934,Y,777,1,Roberts-Robel,America/Mexico_City
4935,Y,56,11,Rempel-Parisian,Europe/Moscow
4936,Y,105,10,Cassin Inc,Asia/Makassar
4937,N,460,5,Abernathy LLC,America/Sao_Paulo
4938,N,258,9,Renner and Sons,America/Sao_Paulo
4939,N,466,7,Gibson Group,Asia/Tokyo
4940,N,309,2,Larkin-Price,Asia/Manila
4941,N,968,4,Kilback and Sons,Africa/Lagos
4942,N,622,10,Little LLC,Asia/Chongqing
4943,N,831,3,Hyatt-Douglas,Europe/Lisbon
4944,Y,241,10,Abbott Schumm and Berge,Asia/Makassar
4945,N,319,1,Kihn Parisian and Douglas,America/Lima
4946,Y,119,6,Hoppe Trantow and Kohler,Asia/Jakarta
4947,Y,85,11,Kassulke Botsford and Beier,Asia/Chongqing
4948,N,226,1,Mueller Inc,Asia/Manila
4949,N,874,4,Dicki Sawayn and Langosh,Asia/Bishkek
4950,N,632,12,Hane and Sons,Asia/Shanghai
4951,Y,997,5,Kessler-Pouros,Europe/Moscow
4952,Y,568,7,Barrows-Roberts,Europe/Uzhgorod
4953,N,528,9,Medhurst Kilback and Tromp,Asia/Chongqing
4954,N,897,7,O'Keefe Bauch and Lehner,Asia/Jakarta
4955,N,721,3,Wintheiser Kiehn and Veum,America/Sao_Paulo
4956,N,475,8,Halvorson Ledner and Zboncak,Europe/Paris
4957,N,814,2,Brown Inc,Europe/Athens
4958,N,916,10,Pfeffer-Medhurst,Europe/Uzhgorod
4959,N,611,4,Ratke Feeney and D'Amore,Asia/Sakhalin
4960,N,12,3,Blick Gutkowski and Huels,Asia/Shanghai
4961,Y,137,5,Gottlieb Cruickshank and Watsica,Asia/Kathmandu
4962,Y,368,10,Weissnat Hintz and Gislason,Asia/Chongqing
4963,Y,134,8,Daugherty Boyle and Jast,Europe/Warsaw
4964,N,943,6,Wyman and Sons,Asia/Tokyo
4965,N,770,3,White-Feest,Asia/Chongqing
4966,N,600,11,Mosciski Group,Europe/Skopje
4967,N,738,10,Roberts Davis and Rath,Africa/Kampala
4968,Y,819,7,Schamberger-Stoltenberg,Asia/Shanghai
4969,N,800,3,Reichel-Cummerata,America/Fortaleza
4970,N,976,6,King-Feeney,Asia/Manila
4971,Y,811,3,Effertz Waters and Dicki,Asia/Manila
4972,N,252,3,McCullough-Little,America/Argentina/Cordoba
4973,Y,834,6,Lockman-Nolan,Europe/Lisbon
4974,N,238,6,Schuster Leuschke and Pollich,Europe/Helsinki
4975,Y,620,10,Collins-Champlin,Europe/Athens
4976,N,482,1,Mraz Emard and Dare,Europe/Moscow
4977,N,367,7,Gleason-Gerhold,Asia/Harbin
4978,N,486,11,Nolan-Frami,Africa/Douala
4979,Y,818,3,Koch Beahan and Hodkiewicz,Asia/Makassar
4980,Y,649,8,Watsica Walker and Rice,Europe/Sarajevo
4981,Y,613,2,Kuhn Group,Europe/Paris
4982,Y,67,11,O'Conner Herman and Okuneva,Europe/Moscow
4983,Y,455,1,Pfeffer Gislason and Feeney,Europe/Lisbon
4984,N,368,9,Satterfield and Sons,Europe/Kiev
4985,Y,913,9,Eichmann Hartmann and Fahey,Europe/Moscow
4986,Y,268,8,Morar Waters and Muller,Europe/Helsinki
4987,Y,307,7,Schroeder and Sons,Africa/Tripoli
4988,N,211,12,Parisian-Harvey,Europe/Moscow
4989,Y,582,8,Wyman Kilback and Hane,America/Lima
4990,Y,925,8,Ziemann Buckridge and Davis,America/Monterrey
4991,N,622,3,Breitenberg Group,Europe/Lisbon
4992,Y,371,10,Dickens-Schmidt,Asia/Chongqing
4993,Y,152,6,McLaughlin Rodriguez and Bergnaum,Asia/Tokyo
4994,N,482,8,Stehr-Kreiger,Europe/Paris
4995,N,934,11,Lynch Group,Europe/Kiev
4996,N,565,4,Steuber LLC,Africa/Lubumbashi
4997,N,25,3,Wisoky-Thiel,Asia/Kuala_Lumpur
4998,N,408,6,Hintz Welch and Buckridge,Asia/Irkutsk
4999,Y,391,10,Jacobson and Sons,Asia/Nicosia
5000,N,760,11,Rogahn McKenzie and Kutch,Asia/Tokyo
